{
  "order": 24,
  "training_time": 4.948640584945679,
  "validation_time": 4.478332281112671,
  "test_time": 4.125200033187866,
  "normalized": true,
  "validation_metrics": {
    "temperature": {
      "mse": 0.023108524220810046,
      "mae": 0.11383635561784777,
      "rmse": 0.15201488157680498
    },
    "relative_humidity": {
      "mse": 0.06699318334043279,
      "mae": 0.22318713960844133,
      "rmse": 0.25883041424923925
    },
    "wind_speed_10m (km/h)": {
      "mse": 0.021775668690464937,
      "mae": 0.11967924667720212,
      "rmse": 0.14756581138754646
    }
  },
  "test_metrics": {
    "temperature": {
      "mse": 0.02474873668405496,
      "mae": 0.11926251128787026,
      "rmse": 0.15731731209264593
    },
    "relative_humidity": {
      "mse": 0.07087487207694557,
      "mae": 0.23069541859489542,
      "rmse": 0.2662233499844549
    },
    "wind_speed_10m (km/h)": {
      "mse": 0.019894827341102234,
      "mae": 0.11354297724543819,
      "rmse": 0.14104902460173993
    }
  },
  "horizon_metrics": {
    "6": {
      "temperature": 0.00036097319852801293,
      "relative_humidity": 0.008218057906978724,
      "wind_speed_10m (km/h)": 0.0014442528688695451
    },
    "12": {
      "temperature": 0.00028539894007275724,
      "relative_humidity": 0.007582854908460863,
      "wind_speed_10m (km/h)": 0.000919104949230398
    },
    "24": {
      "temperature": 0.00028425908287546374,
      "relative_humidity": 0.007576676690594278,
      "wind_speed_10m (km/h)": 0.0007863791803636278
    },
    "48": {
      "temperature": 0.0010048675298109965,
      "relative_humidity": 0.0094294769520028,
      "wind_speed_10m (km/h)": 0.0033044715257893515
    },
    "72": {
      "temperature": 0.000915158546465259,
      "relative_humidity": 0.009788893383566772,
      "wind_speed_10m (km/h)": 0.0066253131144357776
    }
  }
}